{
  "Coherence": {
    "synthetic": {
      "num_spans": 341,
      "total_tokens": 31012,
      "tokens_per_span": 90.94428152492668,
      "vocab_size": 4696,
      "vocab_per_span": 13.771260997067449,
      "avg_span_length": 90.94428152492668,
      "mattr_100": 0.7532060945233543,
      "distinct_2": 0.6315178485053691,
      "top_20_token_coverage": 0.324035857087579
    },
    "real": {
      "num_spans": 24,
      "total_tokens": 1658,
      "tokens_per_span": 69.08333333333333,
      "vocab_size": 731,
      "vocab_per_span": 30.458333333333332,
      "avg_span_length": 69.08333333333333,
      "mattr_100": 0.7302309172546484,
      "distinct_2": 0.8539529269764635,
      "top_20_token_coverage": 0.3250904704463209
    }
  },
  "Format": {
    "synthetic": {
      "num_spans": 367,
      "total_tokens": 1800,
      "tokens_per_span": 4.9046321525885554,
      "vocab_size": 371,
      "vocab_per_span": 1.0108991825613078,
      "avg_span_length": 4.9046321525885554,
      "mattr_100": 0.41363315696649305,
      "distinct_2": 0.4952751528627015,
      "top_20_token_coverage": 0.7111111111111111
    },
    "real": {
      "num_spans": 32,
      "total_tokens": 169,
      "tokens_per_span": 5.28125,
      "vocab_size": 62,
      "vocab_per_span": 1.9375,
      "avg_span_length": 5.28125,
      "mattr_100": 0.41700000000000004,
      "distinct_2": 0.6130952380952381,
      "top_20_token_coverage": 0.7396449704142012
    }
  },
  "Lacks synthesis": {
    "synthetic": {
      "num_spans": 313,
      "total_tokens": 33913,
      "tokens_per_span": 108.34824281150159,
      "vocab_size": 4548,
      "vocab_per_span": 14.53035143769968,
      "avg_span_length": 108.34824281150159,
      "mattr_100": 0.6591113148399866,
      "distinct_2": 0.5104977589054022,
      "top_20_token_coverage": 0.4197505381417156
    },
    "real": {
      "num_spans": 27,
      "total_tokens": 3427,
      "tokens_per_span": 126.92592592592592,
      "vocab_size": 1150,
      "vocab_per_span": 42.592592592592595,
      "avg_span_length": 126.92592592592592,
      "mattr_100": 0.7031730769230753,
      "distinct_2": 0.8123175715119673,
      "top_20_token_coverage": 0.322439451415232
    }
  },
  "Unsupported claim": {
    "synthetic": {
      "num_spans": 365,
      "total_tokens": 5268,
      "tokens_per_span": 14.432876712328767,
      "vocab_size": 1303,
      "vocab_per_span": 3.56986301369863,
      "avg_span_length": 14.432876712328767,
      "mattr_100": 0.7678506480944112,
      "distinct_2": 0.6690715777482438,
      "top_20_token_coverage": 0.35212604403948367
    },
    "real": {
      "num_spans": 104,
      "total_tokens": 1696,
      "tokens_per_span": 16.307692307692307,
      "vocab_size": 732,
      "vocab_per_span": 7.038461538461538,
      "avg_span_length": 16.307692307692307,
      "mattr_100": 0.774420788979345,
      "distinct_2": 0.8926253687315634,
      "top_20_token_coverage": 0.2841981132075472
    }
  }
}