{
  "Unsupported claim": {
    "lengths": [
      27,
      74,
      2,
      7,
      2,
      2,
      3,
      3,
      1,
      3,
      15,
      17,
      24,
      25,
      18,
      14,
      2,
      19,
      30,
      26,
      14,
      34,
      6,
      32,
      5,
      1,
      12,
      1,
      1,
      18,
      37,
      36,
      29,
      31,
      30,
      3,
      19,
      20,
      5,
      3,
      3,
      1,
      27,
      21,
      15,
      23,
      10,
      9,
      26,
      2,
      31,
      25,
      35,
      19,
      42,
      31,
      19,
      7,
      26,
      7,
      17,
      2,
      38,
      9,
      14,
      23,
      16,
      1,
      4,
      19,
      19,
      29,
      2,
      2,
      31,
      14,
      16,
      1,
      1,
      4,
      17,
      36,
      7,
      3,
      19,
      6,
      11,
      13,
      40,
      26,
      17,
      19,
      30,
      22,
      26,
      14,
      53,
      8,
      17,
      6,
      7,
      2,
      4,
      1
    ],
    "count": 104,
    "words_mean": 16.307692307692307,
    "words_median": 15.5,
    "words_std": 13.335169154173697,
    "spans_per_document": [
      1,
      5,
      5,
      1,
      1,
      2,
      2,
      1,
      1,
      4,
      1,
      1,
      1,
      4,
      1,
      1,
      1,
      1,
      1,
      1,
      1,
      1,
      3,
      1,
      4,
      1,
      1,
      3,
      8,
      1,
      1,
      2,
      1,
      4,
      1,
      1,
      1,
      1,
      1,
      2,
      1,
      1,
      2,
      1,
      1,
      4,
      1,
      1,
      1,
      1,
      4,
      1,
      1,
      9
    ],
    "avg_spans_per_document": 1.9259259259259258,
    "median_spans_per_document": 1.0,
    "std_spans_per_document": 1.768186917591457,
    "sentences_per_document": [
      6,
      18,
      28,
      27,
      23,
      15,
      16,
      13,
      26,
      24,
      28,
      32,
      9,
      18,
      17,
      27,
      27,
      28,
      26,
      25,
      15,
      27,
      15,
      26,
      34,
      37,
      11,
      33,
      24,
      15,
      11,
      26,
      32,
      20,
      24,
      26,
      24,
      17,
      30,
      29,
      16,
      26,
      24,
      15,
      29,
      30,
      29,
      33,
      15,
      27,
      21,
      10,
      10,
      35
    ],
    "avg_sentences_per_document": 22.75925925925926,
    "median_sentences_per_document": 24.5,
    "std_sentences_per_document": 7.61313459153816,
    "min_sentences_per_document": 6,
    "max_sentences_per_document": 37
  },
  "Lacks synthesis": {
    "lengths": [
      166,
      131,
      39,
      121,
      133,
      95,
      122,
      81,
      61,
      88,
      129,
      181,
      73,
      99,
      62,
      141,
      144,
      192,
      169,
      104,
      90,
      219,
      32,
      439,
      124,
      99,
      93
    ],
    "count": 27,
    "words_mean": 126.92592592592592,
    "words_median": 121,
    "words_std": 77.0598797768662,
    "spans_per_document": [
      1,
      1,
      1,
      2,
      1,
      1,
      1,
      1,
      1,
      1,
      1,
      2,
      2,
      1,
      1,
      1,
      1,
      1,
      1,
      1,
      1,
      3
    ],
    "avg_spans_per_document": 1.2272727272727273,
    "median_spans_per_document": 1.0,
    "std_spans_per_document": 0.5284134548067255,
    "sentences_per_document": [
      14,
      26,
      15,
      16,
      19,
      23,
      34,
      33,
      15,
      11,
      16,
      39,
      20,
      16,
      22,
      18,
      11,
      24,
      30,
      21,
      16,
      29
    ],
    "avg_sentences_per_document": 21.272727272727273,
    "median_sentences_per_document": 19.5,
    "std_sentences_per_document": 7.728622240192733,
    "min_sentences_per_document": 11,
    "max_sentences_per_document": 39
  },
  "Format": {
    "lengths": [
      4,
      5,
      8,
      4,
      5,
      4,
      3,
      6,
      2,
      4,
      5,
      8,
      1,
      4,
      4,
      4,
      8,
      8,
      4,
      4,
      4,
      4,
      11,
      4,
      1,
      13,
      13,
      8,
      4,
      4,
      4,
      4
    ],
    "count": 32,
    "words_mean": 5.28125,
    "words_median": 4.0,
    "words_std": 2.9428357511190657,
    "spans_per_document": [
      1,
      1,
      1,
      2,
      2,
      1,
      1,
      2,
      1,
      1,
      2,
      1,
      1,
      1,
      3,
      1,
      1,
      1,
      1,
      2,
      4,
      1
    ],
    "avg_spans_per_document": 1.4545454545454546,
    "median_spans_per_document": 1.0,
    "std_spans_per_document": 0.8004327833694974,
    "sentences_per_document": [
      28,
      36,
      36,
      15,
      16,
      24,
      18,
      36,
      66,
      11,
      33,
      10,
      25,
      15,
      39,
      19,
      28,
      24,
      5,
      31,
      29,
      35
    ],
    "avg_sentences_per_document": 26.318181818181817,
    "median_sentences_per_document": 26.5,
    "std_sentences_per_document": 13.138044950000175,
    "min_sentences_per_document": 5,
    "max_sentences_per_document": 66
  },
  "Coherence": {
    "lengths": [
      68,
      55,
      100,
      57,
      123,
      38,
      54,
      56,
      33,
      76,
      31,
      80,
      71,
      66,
      69,
      77,
      49,
      21,
      57,
      195,
      51,
      100,
      64,
      67
    ],
    "count": 24,
    "words_mean": 69.08333333333333,
    "words_median": 65.0,
    "words_std": 35.26165137895578,
    "spans_per_document": [
      1,
      2,
      3,
      1,
      2,
      1,
      1,
      1,
      1,
      1,
      2,
      1,
      1,
      1,
      1,
      1,
      1,
      1,
      1
    ],
    "avg_spans_per_document": 1.263157894736842,
    "median_spans_per_document": 1,
    "std_spans_per_document": 0.5619514869490164,
    "sentences_per_document": [
      15,
      16,
      26,
      25,
      18,
      8,
      5,
      11,
      11,
      15,
      39,
      20,
      9,
      22,
      30,
      22,
      22,
      29,
      5
    ],
    "avg_sentences_per_document": 18.31578947368421,
    "median_sentences_per_document": 18,
    "std_sentences_per_document": 9.153339594431866,
    "min_sentences_per_document": 5,
    "max_sentences_per_document": 39
  }
}